{
    "loss": 1.330593228340149,
    "accuracy": 0.8448275923728943
}