{
    "loss": 1.1968638896942139,
    "accuracy": 0.8362069129943848
}